hour,bikes_mean,docks_mean,total_bikes
13,11.596455351056578,19.612133605998636,11.596455351056578
